habitat,site,lat,lon,id,plot,species,height21,leaflength21,flowering21,survival21,dead21,survival22,dead22,ramets22,totalflower22,flowering22,height22,leaflength22,numleaves22,survival_jun23,survival23,dead23,height23,ramets23,leaflength23,numleaves23,flowering23,totalflower23,notes23,survival_jun24,survival24,dead24,height24,ramets24,leaflength24,numleaves24,flowering24,totalflower24,biomass_a24,biomass_b24,biomass24,notes24
T,1,58.741944,-93.825278,1,1,Lvul,30,,1,1,0,1,0,4,0,0,2.9,,,,0,1,,,,,0,0,,,0,,,,,,0,0,,,,
T,1,58.741944,-93.825278,2,2,Lvul,24,,1,1,0,1,0,3,0,0,4.5,,,,1,,1.2,1,,,0,0,,,0,1,,,,,0,0,,,,
T,1,58.741944,-93.825278,3,3,Toff,,20.8,0,1,0,1,0,1,1,1,,6.3,5,,0,1,,,,,0,0,,,0,,,,,,0,0,,,,
T,1,58.741944,-93.825278,4,4,Pmaj,,14.3,1,1,0,1,0,1,0,0,,11.5,6,,1,,,,8.1,3,1,1,,,1,,,,6.7,3,1,1,0.0797,0.0851,0.1648,
T,1,58.741944,-93.825278,5,5,Pmaj,,12.3,1,1,0,1,0,1,0,0,,9.2,4,,0,1,,,,,0,0,,,0,,,,,,0,0,,,,
T,1,58.741944,-93.825278,6,6,Lvul,33,,1,1,0,1,0,3,0,0,5.4,,,,0,1,,,,,0,0,,,0,,,,,,0,0,,,,
T,1,58.741944,-93.825278,7,7,Pmaj,,7,1,1,0,1,0,1,0,0,,5.4,3,,0,1,,,,,0,0,,,0,,,,,,0,0,,,,
T,1,58.741944,-93.825278,8,8,Pmaj,,5.1,0,1,0,1,0,2,0,0,,6.5,3,,0,1,,,,,0,0,,1,0,,,,4.6,4,0,0,NA,NA,NA,
T,1,58.741944,-93.825278,9,9,Lvul,,2.8,1,1,0,1,0,4,0,0,6.6,,,,0,1,,,,,0,0,,,0,,,,,,0,0,,,,
T,1,58.741944,-93.825278,10,10,Toff,,19.6,0,1,0,0,1,0,0,0,,,0,,0,,,,,,0,0,,,0,,,,,,0,0,,,,
T,1,58.741944,-93.825278,11,11,Toff,,15.2,0,1,0,1,0,1,0,0,,3.2,4,,0,1,,,,,0,0,,,0,,,,,,0,0,,,,
T,1,58.741944,-93.825278,12,12,Toff,,12.8,0,1,0,0,1,0,0,0,,,0,,0,,,,,,0,0,,,0,,,,,,0,0,,,,
T,1,58.741944,-93.825278,13,13,Pmaj,,10.1,0,1,0,0,1,0,0,0,,,0,,0,,,,,,0,0,,,0,,,,,,0,0,,,,
T,1,58.741944,-93.825278,14,14,Toff,,13.7,0,1,0,1,0,1,0,0,,4.2,5,,0,1,,,,,0,0,,,0,,,,,,0,0,,,,
T,1,58.741944,-93.825278,15,15,Lvul,16,,1,1,0,0,1,0,0,0,,,,,0,,,,,,0,0,,,0,,,,,,0,0,,,,
T,1,58.741944,-93.825278,16,16,Lvul,26,,1,1,0,1,0,2,0,0,2,,,,0,1,,,,,0,0,,,0,,,,,,0,0,,,,
T,1,58.741944,-93.825278,17,17,Lvul,28,,1,1,0,1,0,1,0,0,0.7,,,,0,1,,,,,0,0,,,0,,,,,,0,0,,,,
T,1,58.741944,-93.825278,18,18,Pmaj,,10.4,1,1,0,1,0,1,0,0,,5.4,4,,0,1,,,,,0,0,,,0,,,,,,0,0,,,,
T,1,58.741944,-93.825278,19,19,Pmaj,,9.2,1,1,0,1,0,2,0,0,,2.9,5,,0,1,,,,,0,0,,,0,,,,,,0,0,,,,
T,1,58.741944,-93.825278,20,20,Toff,,15.7,0,1,0,0,1,0,0,0,,,0,,0,,,,,,0,0,,,0,,,,,,0,0,,,,
T,1,58.741944,-93.825278,21,21,Toff,,11.1,0,1,0,0,1,0,0,0,,,0,,0,,,,,,0,0,,,0,,,,,,0,0,,,,
T,1,58.741944,-93.825278,22,22,Lvul,,2.9,1,1,0,0,1,0,0,0,,,,,0,,,,,,0,0,,,0,,,,,,0,0,,,,
T,1,58.741944,-93.825278,23,23,Toff,,13,0,1,0,0,1,0,0,0,,,0,,0,,,,,,0,0,,,0,,,,,,0,0,,,,
T,1,58.741944,-93.825278,24,24,Lvul,31,,1,1,0,1,0,3,0,0,2.1,,,,0,1,,,,,0,0,,,0,,,,,,0,0,,,,
T,1,58.741944,-93.825278,25,25,Pmaj,,9.2,1,1,0,0,1,0,0,0,,,0,,0,,,,,,0,0,,,0,,,,,,0,0,,,,
T,1,58.741944,-93.825278,26,26,Lvul,27,,1,1,0,0,1,0,0,0,,,,,0,,,,,,0,0,,,0,,,,,,0,0,,,,
T,1,58.741944,-93.825278,27,27,Toff,,17,0,1,0,0,1,dead,0,0,,,0,,0,,,,,,0,0,,,0,,,,,,0,0,,,,
T,1,58.741944,-93.825278,28,28,Toff,,16.6,0,1,0,0,1,0,0,0,,,0,,0,,,,,,0,0,,,0,,,,,,0,0,,,,
T,1,58.741944,-93.825278,29,29,Pmaj,,7.1,1,1,0,0,1,0,0,0,,,0,,0,,,,,,0,0,,,0,,,,,,0,0,,,,
T,1,58.741944,-93.825278,30,30,Pmaj,,8.3,1,1,0,0,1,0,0,0,,,0,,0,,,,,,0,0,,,0,,,,,,0,0,,,,
T,2,58.731667,-93.813889,31,1,Lvul,23,,1,1,0,1,0,9,0,0,6.3,,,,0,1,,,,,0,0,,,0,,,,,,0,0,,,,
T,2,58.731667,-93.813889,32,2,Toff,,10.3,0,1,0,0,1,dead,0,0,,,0,,0,,,,,,0,0,,,0,,,,,,0,0,,,,
T,2,58.731667,-93.813889,33,3,Toff,,12,0,1,0,0,1,0,0,0,,,0,,0,,,,,,0,0,,,0,,,,,,0,0,,,,
T,2,58.731667,-93.813889,34,4,Pmaj,,10.9,1,1,0,0,1,0,0,0,,,0,,0,,,,,,0,0,,,0,,,,,,0,0,,,,
T,2,58.731667,-93.813889,35,5,Toff,,11.6,0,1,0,0,1,0,0,0,,,0,,0,,,,,,0,0,,,0,,,,,,0,0,,,,
T,2,58.731667,-93.813889,36,6,Pmaj,,11,1,1,0,1,0,1,1,1,,7.2,3,,0,1,,,,,0,0,,,0,,,,,,0,0,,,,
T,2,58.731667,-93.813889,37,7,Pmaj,,11.3,1,1,0,0,1,0,0,0,,,0,,0,,,,,,0,0,,,0,,,,,,0,0,,,,
T,2,58.731667,-93.813889,38,8,Lvul,26,,1,1,0,1,0,2,1,1,10.8,,,,0,1,,,,,0,0,,,0,,,,,,0,0,,,,
T,2,58.731667,-93.813889,39,9,Lvul,30,,1,1,0,1,0,1,0,0,5.5,,,,0,1,,,,,0,0,,,0,,,,,,0,0,,,,
T,2,58.731667,-93.813889,40,10,Pmaj,,8.5,1,1,0,0,1,0,0,0,,,0,,0,,,,,,0,0,,,0,,,,,,0,0,,,,
T,2,58.731667,-93.813889,41,11,Toff,,7.3,0,1,0,0,1,0,0,0,,,0,,0,,,,,,0,0,,,0,,,,,,0,0,,,,
T,2,58.731667,-93.813889,42,12,Lvul,26,,1,1,0,1,0,2,0,0,2.1,,,,0,1,,,,,0,0,,,0,,,,,,0,0,,,,
T,2,58.731667,-93.813889,43,13,Lvul,36,,1,1,0,1,0,6,0,0,7.4,,,,0,1,,,,,0,0,,,0,,,,,,0,0,,,,
T,2,58.731667,-93.813889,44,14,Pmaj,,9.2,1,1,0,1,0,1,0,0,,6.9,6,,0,1,,,,,0,0,,,0,,,,,,0,0,,,,
T,2,58.731667,-93.813889,45,15,Toff,,14.1,0,1,0,0,1,0,0,0,,,0,,0,,,,,,0,0,,,0,,,,,,0,0,,,,
T,2,58.731667,-93.813889,46,16,Lvul,30,,1,1,0,1,0,2,0,0,2.8,,,,0,1,,,,,0,0,,,0,,,,,,0,0,,,,
T,2,58.731667,-93.813889,47,17,Pmaj,,11.7,1,1,0,1,0,1,0,0,,6,5,,0,1,,,,,0,0,,,0,,,,,,0,0,,,,
T,2,58.731667,-93.813889,48,18,Toff,,22.5,0,1,0,0,1,0,0,0,,,0,,0,,,,,,0,0,,,0,,,,,,0,0,,,,
T,2,58.731667,-93.813889,49,19,Toff,,14,0,1,0,1,0,1,0,0,,4.7,3,,0,1,,,,,0,0,,,0,,,,,,0,0,,,,
T,2,58.731667,-93.813889,50,20,Toff,,9.2,0,1,0,0,1,0,0,0,,,0,,0,,,,,,0,0,,,0,,,,,,0,0,,,,
T,2,58.731667,-93.813889,51,21,Pmaj,,10.7,1,1,0,0,1,0,0,0,,,0,,0,,,,,,0,0,,,0,,,,,,0,0,,,,
T,2,58.731667,-93.813889,52,22,Lvul,26,,1,1,0,1,0,4,0,0,4.1,,,,0,1,,,,,0,0,,,0,,,,,,0,0,,,,
T,2,58.731667,-93.813889,53,23,Toff,,14.6,0,1,0,0,1,dead,0,0,,,0,,0,,,,,,0,0,,,0,,,,,,0,0,,,,
T,2,58.731667,-93.813889,54,24,Lvul,20,,1,1,0,1,0,3,0,0,1.2,,,,0,1,,,,,0,0,,,0,,,,,,0,0,,,,
T,2,58.731667,-93.813889,55,25,Lvul,22,,1,1,0,1,0,7,0,0,2.2,,,,0,1,,,,,0,0,,,0,,,,,,0,0,,,,
T,2,58.731667,-93.813889,56,26,Pmaj,,12,1,1,0,1,0,1,1,1,,8.9,5,,0,1,,,,,0,0,,,0,,,,,,0,0,,,,
T,2,58.731667,-93.813889,57,27,Pmaj,,13.1,1,1,0,0,1,0,0,0,,,0,,0,,,,,,0,0,,,0,,,,,,0,0,,,,
T,2,58.731667,-93.813889,58,28,Pmaj,,11.9,1,1,0,0,1,dead,0,0,,,0,,0,,,,,,0,0,,,0,,,,,,0,0,,,,
T,2,58.731667,-93.813889,59,29,Lvul,43,,1,1,0,0,1,0,0,0,,,,,0,,,,,,0,0,,,0,,,,,,0,0,,,,
T,2,58.731667,-93.813889,60,30,Toff,,14.5,0,1,0,1,0,1,0,0,,4.8,3,,0,1,,,,,0,0,,,0,,,,,,0,0,,,,
T,3,58.7325,-93.798611,61,1,Lvul,26,,1,1,0,1,0,1,0,0,3.1,,,,0,1,,,,,0,0,,,0,,,,,,0,0,,,,
T,3,58.7325,-93.798611,62,2,Lvul,27,,1,1,0,1,0,3,0,0,1.8,,,,1,,0.4,1,,,0,0,,,0,1,,,,,0,0,,,,
T,3,58.7325,-93.798611,63,3,Pmaj,,16.5,1,1,0,1,0,1,0,0,,7.7,5,,1,,,,4.1,2,0,0,,,0,1,,,,,0,0,,,,
T,3,58.7325,-93.798611,64,4,Pmaj,,16.4,1,1,0,0,1,dead,0,0,,,0,,0,,,,,,0,0,,,0,,,,,,0,0,,,,
T,3,58.7325,-93.798611,65,5,Toff,,19.8,0,1,0,0,1,dead,0,0,,,0,,0,,,,,,0,0,,,0,,,,,,0,0,,,,
T,3,58.7325,-93.798611,66,6,Lvul,28,,1,1,0,1,0,7,0,0,1.3,,,,0,1,,,,,0,0,,,0,,,,,,0,0,,,,
T,3,58.7325,-93.798611,67,7,Lvul,33,,1,1,0,1,0,8,0,0,1.1,,,,0,1,,,,,0,0,,,0,,,,,,0,0,,,,
T,3,58.7325,-93.798611,68,8,Toff,,12.3,0,1,0,0,1,0,0,0,,,0,,0,,,,,,0,0,,,0,,,,,,0,0,,,,
T,3,58.7325,-93.798611,69,9,Toff,,10.2,0,1,0,1,0,1,0,0,,2.9,11,,0,1,,,,,0,0,,,0,,,,,,0,0,,,,
T,3,58.7325,-93.798611,70,10,Pmaj,,15,1,1,0,1,0,1,1,1,,5.4,5,,1,,,,2.8,2,0,0,,,0,1,,,,,0,0,,,,
T,3,58.7325,-93.798611,71,11,Lvul,32,,1,1,0,0,1,0,0,0,,,,,0,,,,,,0,0,,,0,,,,,,0,0,,,,
T,3,58.7325,-93.798611,72,12,Toff,,14.4,0,1,0,0,1,0,0,0,,,0,,0,,,,,,0,0,,,0,,,,,,0,0,,,,
T,3,58.7325,-93.798611,73,13,Pmaj,,13.9,1,1,0,1,0,1,0,0,,7.6,7,,1,,,,4.8,3,0,0,,,1,,,,3,3.5,0,0,0.0213,0.1052,0.1265,
T,3,58.7325,-93.798611,74,14,Toff,,14.8,0,1,0,1,0,1,0,0,,5.2,6,,0,1,,,,,0,0,,,0,,,,,,0,0,,,,
T,3,58.7325,-93.798611,75,15,Pmaj,,9.8,0,1,0,1,0,1,0,0,,6,5,,1,,,,3.2,2,0,0,,,1,,,,2,1.9,0,0,0.0097,0.052,0.0617,
T,3,58.7325,-93.798611,76,16,Lvul,20,,1,1,0,0,1,0,0,0,,,,,0,,,,,,0,0,,,0,,,,,,0,0,,,,
T,3,58.7325,-93.798611,77,17,Toff,,15.3,0,1,0,1,0,1,0,0,,3.1,2,,0,1,,,,,0,0,,,0,,,,,,0,0,,,,
T,3,58.7325,-93.798611,78,18,Toff,,17.6,0,1,0,1,0,1,0,0,,4.9,3,,0,1,,,,,0,0,,,0,,,,,,0,0,,,,
T,3,58.7325,-93.798611,79,19,Pmaj,,10.5,0,1,0,1,0,1,0,0,,7.1,5,,0,1,,,,,0,0,,,0,,,,,,0,0,,,,
T,3,58.7325,-93.798611,80,20,Toff,,14.7,0,1,0,0,1,dead,0,0,,,0,,0,,,,,,0,0,,,0,,,,,,0,0,,,,
T,3,58.7325,-93.798611,81,21,Toff,,17.3,0,1,0,0,1,0,0,0,,,0,,0,,,,,,0,0,,,0,,,,,,0,0,,,,
T,3,58.7325,-93.798611,82,22,Pmaj,,10.8,1,1,0,1,0,2,0,0,,4.1,8,,0,1,,,,,0,0,,,0,,,,,,0,0,,,,
T,3,58.7325,-93.798611,83,23,Lvul,36,,1,1,0,0,1,0,0,0,,,,,0,,,,,,0,0,,,0,,,,,,0,0,,,,
T,3,58.7325,-93.798611,84,24,Pmaj,,9,1,1,0,1,0,1,0,0,,1.9,4,,0,1,,,,,0,0,,,0,,,,,,0,0,,,,
T,3,58.7325,-93.798611,85,25,Pmaj,,7.1,1,1,0,1,0,1,1,1,,5.6,6,,0,1,,,,,0,0,,,0,,,,,,0,0,,,,
T,3,58.7325,-93.798611,86,26,Pmaj,,7.7,1,1,0,0,1,0,0,0,,,0,,0,,,,,,0,0,,,0,,,,,,0,0,,,,
T,3,58.7325,-93.798611,87,27,Toff,,13,0,1,0,1,0,1,0,0,,5.9,3,,0,1,,,,,0,0,,,0,,,,,,0,0,,,,
T,3,58.7325,-93.798611,88,28,Lvul,35,,1,1,0,1,0,1,0,0,0.6,,,,0,1,,,,,0,0,,,0,,,,,,0,0,,,,
T,3,58.7325,-93.798611,89,29,Lvul,30,,1,1,0,1,0,8,0,0,1.2,,,,0,1,,,,,0,0,,,0,,,,,,0,0,,,,
T,3,58.7325,-93.798611,90,30,Lvul,42,,1,1,0,1,0,5,0,0,1.4,,,,0,1,,,,,0,0,,,0,,,,,,0,0,,,,
T,4,58.734722,-93.790556,91,1,Lvul,24,,1,1,0,1,0,6,0,0,2,,,,0,1,,,,,0,0,,,0,,,,,,0,0,,,,
T,4,58.734722,-93.790556,92,2,Toff,,15,0,1,0,1,0,1,0,0,,4.4,3,,0,1,,,,,0,0,,,0,,,,,,0,0,,,,
T,4,58.734722,-93.790556,93,3,Lvul,28,,1,1,0,1,0,1,0,0,4.3,,,,0,1,,,,,0,0,,,0,,,,,,0,0,,,,
T,4,58.734722,-93.790556,94,4,Pmaj,,13.6,1,1,0,0,1,0,0,0,,,0,,0,,,,,,0,0,,,0,,,,,,0,0,,,,
T,4,58.734722,-93.790556,95,5,Pmaj,,10.3,1,1,0,1,0,1,1,1,,8.2,10,,0,1,,,,,0,0,,,0,,,,,,0,0,,,,
T,4,58.734722,-93.790556,96,6,Toff,,17.7,0,1,0,1,0,1,0,0,,6.8,3,,0,1,,,,,0,0,,,0,,,,,,0,0,,,,
T,4,58.734722,-93.790556,97,7,Pmaj,,14.1,1,1,0,1,0,1,0,0,,6.7,8,,0,1,,,,,0,0,,,0,,,,,,0,0,,,,
T,4,58.734722,-93.790556,98,8,Lvul,26,,0,1,0,1,0,4,0,0,1.4,,,,0,1,,,,,0,0,,,0,,,,,,0,0,,,,
T,4,58.734722,-93.790556,99,9,Pmaj,,10.1,1,1,0,1,0,1,0,0,,7.8,8,,0,1,,,,,0,0,,,0,,,,,,0,0,,,,
T,4,58.734722,-93.790556,100,10,Pmaj,,16,1,1,0,1,0,1,0,0,,9.8,10,,0,1,,,,,0,0,,,0,,,,,,0,0,,,,
T,4,58.734722,-93.790556,101,11,Toff,,12.5,0,1,0,1,0,1,0,0,,4.8,5,,0,1,,,,,0,0,,,0,,,,,,0,0,,,,
T,4,58.734722,-93.790556,102,12,Lvul,31,,1,1,0,0,1,0,0,0,,,,,0,,,,,,0,0,,,0,,,,,,0,0,,,,
T,4,58.734722,-93.790556,103,13,Toff,,15.5,0,1,0,1,0,1,0,0,,3.3,3,,0,1,,,,,0,0,,,0,,,,,,0,0,,,,
T,4,58.734722,-93.790556,104,14,Toff,,11,0,1,0,1,0,1,0,0,,4.5,3,,0,1,,,,,0,0,,,0,,,,,,0,0,,,,
T,4,58.734722,-93.790556,105,15,Lvul,26,,1,1,0,1,0,1,0,0,3.8,,,,0,1,,,,,0,0,,,0,,,,,,0,0,,,,
T,4,58.734722,-93.790556,106,16,Lvul,28,,1,1,0,1,0,1,1,1,9.3,,,,0,1,,,,,0,0,,,0,,,,,,0,0,,,,
T,4,58.734722,-93.790556,107,17,Pmaj,,9.5,0,1,0,1,0,1,0,0,,5.9,6,,1,,,,4,4,0,0,,,1,,,,3.4,3,0,0,0.0267,0.0955,0.1222,
T,4,58.734722,-93.790556,108,18,Lvul,33,,1,1,0,0,1,0,0,0,1,,,,0,,,,,,0,0,,,0,,,,,,0,0,,,,
T,4,58.734722,-93.790556,109,19,Toff,,14.7,0,1,0,1,0,1,0,0,,6.2,4,,0,1,,,,,0,0,,,0,,,,,,0,0,,,,
T,4,58.734722,-93.790556,110,20,Toff,,23.1,0,1,0,1,0,1,1,1,,3.4,4,,0,1,,,,,0,0,,,0,,,,,,0,0,,,,
T,4,58.734722,-93.790556,111,21,Lvul,22,,1,1,0,1,0,2,0,0,4.6,,,,0,1,,,,,0,0,,,0,,,,,,0,0,,,,
T,4,58.734722,-93.790556,112,22,Lvul,31,,1,1,0,1,0,2,0,0,2.8,,,,0,1,,,,,0,0,,,0,,,,,,0,0,,,,
T,4,58.734722,-93.790556,113,23,Pmaj,,7.4,1,1,0,1,0,1,0,0,,4,4,,0,1,,,,,0,0,,,0,,,,,,0,0,,,,
T,4,58.734722,-93.790556,114,24,Toff,,22.1,0,1,0,1,0,2,0,0,,7.3,15,,0,1,,,,,0,0,,,0,,,,,,0,0,,,,
T,4,58.734722,-93.790556,115,25,Pmaj,,10.6,1,1,0,1,0,1,0,0,,5.8,6,,0,1,,,,,0,0,,,0,,,,,,0,0,,,,
T,4,58.734722,-93.790556,116,26,Toff,,19.9,0,1,0,1,0,2,0,0,,5,12,,0,1,,,,,0,0,,,0,,,,,,0,0,,,,
T,4,58.734722,-93.790556,117,27,Lvul,26,,1,1,0,1,0,2,0,0,1,,,,0,1,,,,,0,0,,,0,,,,,,0,0,,,,
T,4,58.734722,-93.790556,118,28,Pmaj,,6.6,0,1,0,1,0,1,0,0,,3.1,5,,0,1,,,,,0,0,,,0,,,,,,0,0,,,,
T,4,58.734722,-93.790556,119,29,Toff,,20.1,0,1,0,1,0,2,0,0,,6.1,7,,0,1,,,,,0,0,,,0,,,,,,0,0,,,,
T,4,58.734722,-93.790556,120,30,Pmaj,,7.9,1,1,0,1,0,1,0,0,,7.1,6,,0,1,,,,,0,0,,,0,,,,,,0,0,,,,
B,5,58.706389,-93.841667,121,1,Lvul,19,,1,1,0,1,0,1,0,0,5.4,,,,1,,3.1,3,,,0,0,,,1,,0.9,1,,,0,0,0.0062,0.0167,0.0229,
B,5,58.706389,-93.841667,122,2,Toff,,16.8,0,1,0,1,0,1,1,1,,5.2,5,1,1,,,,4.2,3,0,0,,,0,1,,,,,0,0,,,,
B,5,58.706389,-93.841667,123,3,Pmaj,,12.6,1,1,0,1,0,1,0,0,,5,6,1,1,,,,2,5,0,0,,,1,,,,1.2,2,0,0,0.0023,0.0281,0.0304,
B,5,58.706389,-93.841667,124,4,Pmaj,,9.3,1,1,0,1,0,1,0,0,,2,4,1,1,,,,1.4,2,0,0,,,0,1,,,,,0,0,,,,
B,5,58.706389,-93.841667,125,5,Lvul,27,,1,1,0,1,0,2,0,0,6.1,,,,1,,2.4,5,,,0,0,,,1,,0.8,2,,,0,0,0.0282,0.0281,0.0563,
B,5,58.706389,-93.841667,126,6,Pmaj,,12.5,1,1,0,1,0,1,0,0,,5.1,8,1,1,,,,4.3,4,0,0,,,1,,,,2.3,2,0,0,0.0105,0.1335,0.144,
B,5,58.706389,-93.841667,127,7,Toff,,14.5,0,1,0,1,0,1,0,0,,7.6,8,1,1,,,,3,3,0,0,,,0,1,,,,,0,0,,,,
B,5,58.706389,-93.841667,128,8,Toff,,12.2,0,1,0,1,0,1,0,0,,7.7,5,,0,1,,,,,0,0,,,0,,,,,,0,0,,,,
B,5,58.706389,-93.841667,129,9,Lvul,35,,1,1,0,1,0,2,0,0,10,,,,1,,6.6,4,,,0,0,,,1,,4.2,4,,,0,0,0.0134,0.0556,0.069,
B,5,58.706389,-93.841667,130,10,Toff,,15.6,0,1,0,1,0,1,0,0,,5.6,5,1,1,,,,3.1,5,0,0,,,0,1,,,,,0,0,,,,
B,5,58.706389,-93.841667,131,11,Pmaj,,18,1,1,0,1,0,1,1,1,,6,7,1,1,,,,3.3,3,0,0,,1,0,1,,,1.9,2,0,0,0.0151,0.128,0.1431,
B,5,58.706389,-93.841667,132,12,Toff,,16.4,0,1,0,1,0,1,1,1,,4.6,7,1,1,,,,4.9,3,0,0,,1,0,1,,,3.1,3,0,0,0.0099,0.2373,0.2472,
B,5,58.706389,-93.841667,133,13,Pmaj,,17.2,1,1,0,1,0,2,0,0,,8.2,11,1,1,,,2,5.1,10,0,0,5 leaves on each ramet,,1,,,,3.4,4,0,0,0.0279,0.1488,0.1767,
B,5,58.706389,-93.841667,134,14,Lvul,33,,1,1,0,1,0,1,0,0,6.6,,,,1,,4.9,2,,,0,0,,,0,1,,,,,0,0,,,,
B,5,58.706389,-93.841667,135,15,Lvul,40,,1,1,0,1,0,1,0,0,11.8,,,1,1,,5.4,1,,,0,0,,,1,,3.2,2,,,0,0,0.0134,0.0096,0.023,
B,5,58.706389,-93.841667,136,16,Lvul,37,,1,1,0,1,0,6,0,0,7.2,,,1,0,1,,,,,0,0,,,0,,,,,,0,0,,,,
B,5,58.706389,-93.841667,137,17,Pmaj,,16.4,1,1,0,1,0,1,0,0,,7.5,4,1,1,,,,3.9,3,0,0,,1,0,1,,,2.5,3,0,0,0.0127,0.0633,0.076,
B,5,58.706389,-93.841667,138,18,Toff,,17.2,0,1,0,1,0,1,0,0,,5.8,8,1,1,,,,5.3,3,0,0,,1,0,1,,,1.9,2,0,0,0.0028,0.1562,0.159,
B,5,58.706389,-93.841667,139,19,Lvul,42,,1,1,0,1,0,8,0,0,4.5,,,1,1,,3.2,2,,,0,0,,,1,,1.3,2,,,0,0,0.011,0.0324,0.0434,
B,5,58.706389,-93.841667,140,20,Toff,,16.8,0,1,0,1,0,2,1,1,,6.5,10,1,1,,,2,3.8,5,0,0,"2 ramets, with 3 leaves on the larger one",,0,1,,,,,0,0,,,,
B,5,58.706389,-93.841667,141,21,Lvul,34,,1,1,0,1,0,4,0,0,3.8,,,,1,,1.6,5,,,0,0,,,1,,1.5,4,,,0,0,0.0111,0.0115,0.0226,
B,5,58.706389,-93.841667,142,22,Toff,,16.8,0,1,0,1,0,1,1,1,,5.6,4,1,1,,,,3.5,2,0,0,,,0,1,,,,,0,0,,,,
B,5,58.706389,-93.841667,143,23,Pmaj,,6.3,1,1,0,1,0,1,0,0,,6.4,5,1,1,,,,4.2,3,0,0,,,1,,2.2,2,,,0,0,0.0101,0.0733,0.0834,
B,5,58.706389,-93.841667,144,24,Toff,,13.6,0,1,0,1,0,1,0,0,,9.3,3,1,1,,,,6,2,0,0,,,0,1,,,,,0,0,,,,
B,5,58.706389,-93.841667,145,25,Toff,,13.1,0,1,0,1,0,2,0,0,,4.8,7,1,1,,,2,3.9,5,0,0,"2 ramets, with 2 leaves on the larger one",,1,,,,2.9,3,0,0,0.0072,0.5817,0.5889,
B,5,58.706389,-93.841667,146,26,Pmaj,,9.5,0,1,0,1,0,1,0,0,,7.9,7,1,1,,,,5.9,4,0,0,,,1,,,,2.5,3,0,0,0.0222,0.2204,0.2426,
B,5,58.706389,-93.841667,147,27,Pmaj,,8.3,1,1,0,1,0,1,0,0,,6.8,7,1,1,,,,4.7,4,0,0,,1,0,1,,,1.5,4,0,0,0.0173,0.093,0.1103,
B,5,58.706389,-93.841667,148,28,Lvul,37,,1,1,0,1,0,6,0,0,7.9,,,,1,,5.7,3,,,0,0,,,1,,2.3,2,,,0,0,0.9112,0.9193,1.8305,
B,5,58.706389,-93.841667,149,29,Lvul,36,,1,1,0,1,0,4,0,0,8.8,,,,1,,2.9,6,,,0,0,,,1,,1.4,8,,,0,0,0.019,0.2455,0.2645,
B,5,58.706389,-93.841667,150,30,Pmaj,,8.4,1,1,0,1,0,1,0,0,,5.1,5,,0,1,,,,,0,0,,,0,,,,,,0,0,,,,
B,6,58.698333,-93.849167,151,1,Lvul,27,,0,1,0,1,0,2,0,0,6.5,,,,1,,3.6,3,,,0,0,,,1,,0.9,1,,,0,0,0.0013,0.0502,0.0515,
B,6,58.698333,-93.849167,152,2,Pmaj,,11.2,0,1,0,1,0,1,0,0,,2,0,1,1,,,,3.5,2,0,0,,1,0,1,,,1.1,1,0,0,0.0001,0.0128,0.0129,
B,6,58.698333,-93.849167,153,3,Lvul,21,,0,1,0,0,1,dead,0,0,,,,,1,,0.8,3,,,0,0,,,0,1,,,,,0,0,,,,
B,6,58.698333,-93.849167,154,4,Lvul,24,,0,1,0,0,1,dead,0,0,,,,,1,,1,3,,,0,0,,,0,1,,,,,0,0,,,,
B,6,58.698333,-93.849167,155,5,Toff,,16.1,0,1,0,1,0,2,0,0,,3.3,5,,1,,,,3.2,2,0,0,,,1,,,,3.3,2,0,0,0.0136,0.0489,0.0625,
B,6,58.698333,-93.849167,156,6,Toff,,13.8,0,1,0,1,0,1,0,0,,4.7,5,,0,1,,,,,0,0,,,0,,,,,,0,0,,,,
B,6,58.698333,-93.849167,157,7,Toff,,15.7,0,1,0,1,0,2,0,0,,6.8,5,,0,1,,,,,0,0,,,0,,,,,,0,0,,,,
B,6,58.698333,-93.849167,158,8,Toff,,18.5,0,1,0,1,0,1,1,1,,,0,,0,1,,,,,0,0,,,0,,,,,,0,0,,,,
B,6,58.698333,-93.849167,159,9,Lvul,25,,1,1,0,1,0,2,0,0,6.7,,,,1,,0.7,1,,,0,0,,,1,,1.5,1,,,0,0,0.0002,0.0027,0.0029,
B,6,58.698333,-93.849167,160,10,Pmaj,,13.1,0,1,0,1,0,1,0,0,,8.1,5,1,1,,,,5.3,2,0,0,,,1,,,,3.7,2,0,0,0.0199,0.065,0.0849,
B,6,58.698333,-93.849167,161,11,Pmaj,,12.6,0,1,0,1,0,1,0,0,,6,5,,1,,,,3.4,2,0,0,,,1,,,,2.2,1,0,0,0.0065,0.0288,0.0353,
B,6,58.698333,-93.849167,162,12,Lvul,24,,0,1,0,1,0,6,0,0,3.9,,,,1,,3,,,,0,0,,,0,1,,,,,0,0,,,,
B,6,58.698333,-93.849167,163,13,Toff,,12,0,1,0,0,1,dead,0,0,,,0,,0,,,,,,0,0,,,0,,,,,,0,0,,,,
B,6,58.698333,-93.849167,164,14,Pmaj,,13.8,0,1,0,1,0,1,0,0,,5.2,3,1,1,,,,4.1,3,0,0,,,1,,,,1.7,1,0,0,0.0042,0.0084,0.0126,
B,6,58.698333,-93.849167,165,15,Pmaj,,11.9,0,1,0,0,1,dead,0,0,,,0,,0,,,,,,0,0,,,0,,,,,,0,0,,,,
B,6,58.698333,-93.849167,166,16,Lvul,27,,1,1,0,1,0,2,0,0,10.7,,,,0,1,,,,,0,0,,,1,,1.2,1,,,0,0,0.0031,0.0128,0.0159,
B,6,58.698333,-93.849167,167,17,Lvul,42,,1,1,0,1,0,4,0,0,10.1,,,,1,,1.6,2,,,0,0,,,0,1,,,,,0,0,,,,
B,6,58.698333,-93.849167,168,18,Pmaj,,10.9,1,1,0,1,0,1,0,0,,6.6,4,1,1,,,,5,2,0,0,,,1,,,,5.8,4,0,0,0.1689,0.0618,0.2307,
B,6,58.698333,-93.849167,169,19,Toff,,17.7,0,1,0,1,0,1,0,0,,4.9,4,1,1,,,,1.4,1,0,0,,,0,1,,,,,0,0,,,,
B,6,58.698333,-93.849167,170,20,Lvul,54,,1,1,0,1,0,1,0,0,9.8,,,,1,,3.9,3,,,0,0,,,1,,1.3,1,,,0,0,0.0104,0.0164,0.0268,
B,6,58.698333,-93.849167,171,21,Toff,,22,0,1,0,1,0,1,0,0,,6.5,3,1,1,,,3,4.9,6,0,0,"2 ramets, 3 leaves each",,0,1,,,,,0,0,,,,
B,6,58.698333,-93.849167,172,22,Pmaj,,10.6,1,1,0,1,0,1,0,0,,2.9,4,1,1,,,,1.8,2,0,0,,,1,,,,1.5,3,0,0,0.0106,0.0279,0.0385,
B,6,58.698333,-93.849167,173,23,Pmaj,,14,0,1,0,1,0,1,0,0,,5.7,5,1,1,,,,6.2,3,0,0,,1,0,1,,,4.6,4,0,0,0.0968,0.1432,0.24,
B,6,58.698333,-93.849167,174,24,Toff,,15.6,0,1,0,1,0,2,0,0,,3.6,7,,1,,,2,2.9,6,0,0,"2 ramets, with 2 leaves on the larger one",1,0,1,,,2.7,9,0,0,0.0421,0.2468,0.2889,
B,6,58.698333,-93.849167,175,25,Toff,,13.1,0,1,0,1,0,1,0,0,,5.3,2,,1,,,,1.2,1,0,0,,,1,,,,0.7,2,0,0,0.0005,NA,NA,
B,6,58.698333,-93.849167,176,26,Lvul,53,,1,1,0,1,0,2,0,0,1.2,,,,0,1,,,,,0,0,,,0,,,,,,0,0,,,,
B,6,58.698333,-93.849167,177,27,Pmaj,,13.7,1,1,0,1,0,1,0,0,,6,6,1,1,,,,4.6,2,0,0,,1,0,1,,,3.2,3,0,0,0.0271,0.0585,0.0856,
B,6,58.698333,-93.849167,178,28,Pmaj,,12.3,0,1,0,1,0,1,0,0,,6.1,5,1,1,,,,4.2,2,0,0,,1,0,1,,,3.2,2,0,0,0.0351,0.0629,0.098,
B,6,58.698333,-93.849167,179,29,Toff,,14.5,0,1,0,1,0,1,0,0,,4.4,3,1,0,1,,,,,0,0,,,0,,,,,,0,0,,,,
B,6,58.698333,-93.849167,180,30,Lvul,37,,1,1,0,1,0,1,0,0,8.1,,,,1,,1.9,1,,,0,0,,,0,1,,,,,0,0,,,,
B,7,58.690556,-93.850278,181,1,Lvul,21,,0,1,0,1,0,3,0,0,2.2,,,,0,1,,,,,0,0,,,0,,,,,,0,0,,,,
B,7,58.690556,-93.850278,182,2,Pmaj,,11.2,1,1,0,1,0,1,0,0,,6.7,6,1,1,,,,3.7,2,0,0,,,1,,,,3.1,3,0,0,0.0605,0.0728,0.1333,
B,7,58.690556,-93.850278,183,3,Pmaj,,16.9,1,1,0,0,1,0,0,0,,,0,,0,,,,,,0,0,,,0,,,,,,0,0,,,,
B,7,58.690556,-93.850278,184,4,Toff,,12.1,0,1,0,0,1,0,0,0,,,0,,0,,,,,,0,0,,,0,,,,,,0,0,,,,
B,7,58.690556,-93.850278,185,5,Lvul,31,,0,1,0,1,0,3,0,0,3.8,,,,1,,0.9,5,,,0,0,,,1,,3,2,,,0,0,0.0199,0.02,0.0399,
B,7,58.690556,-93.850278,186,6,Lvul,36,,1,1,0,1,0,3,0,0,4.9,,,,0,1,,,,,0,0,,,0,,,,,,0,0,,,,
B,7,58.690556,-93.850278,187,7,Pmaj,,9.8,1,1,0,1,0,1,0,0,,6.1,7,1,1,,,,3.9,3,0,0,,1,0,1,,,2.6,3,0,0,0.061,0.1254,0.1864,
B,7,58.690556,-93.850278,188,8,Toff,,19.7,0,1,0,1,0,1,0,0,,5.4,2,,0,1,,,,,0,0,,,0,,,,,,0,0,,,,
B,7,58.690556,-93.850278,189,9,Toff,,11.3,0,1,0,1,0,3,1,1,,6.9,10,,0,1,,,,,0,0,,,0,,,,,,0,0,,,,
B,7,58.690556,-93.850278,190,10,Toff,,15.9,0,1,0,1,0,1,0,0,,6.3,3,,0,1,,,,,0,0,,,0,,,,,,0,0,,,,
B,7,58.690556,-93.850278,191,11,Toff,,17.7,0,1,0,1,0,1,2,1,,5.2,4,,0,1,,,,,0,0,,,0,,,,,,0,0,,,,
B,7,58.690556,-93.850278,192,12,Pmaj,,10.9,1,1,0,1,0,1,0,0,,7.3,12,1,1,,,,6,5,0,0,,1,0,1,,,4.1,5,0,0,0.0981,0.1196,0.2177,
B,7,58.690556,-93.850278,193,13,Lvul,31,,0,1,0,1,0,5,0,0,6.2,,,,1,,5.4,3,,,0,0,,,1,,2,3,,,0,0,0.0195,0.2559,0.2754,
B,7,58.690556,-93.850278,194,14,Lvul,34,,1,1,0,1,0,7,0,0,5.8,,,,1,,0.8,5,,,0,0,,,1,,1.8,2,,,0,0,0.0047,0.0494,0.0541,
B,7,58.690556,-93.850278,195,15,Pmaj,,10.9,1,1,0,1,0,1,0,0,,4.3,6,1,1,,,,2.8,3,0,0,,,1,,,,1.9,2,0,0,0.0239,0.0379,0.0618,
B,7,58.690556,-93.850278,196,16,Lvul,26,,1,1,0,1,0,2,0,0,3.3,,,,1,,7.5,2,,,0,0,,,1,,3.1,4,,,0,0,0.0688,0.235,0.3038,
B,7,58.690556,-93.850278,197,17,Toff,,15.3,0,1,0,1,0,2,0,0,,5.1,6,,0,1,,,,,0,0,,,0,,,,,,0,0,,,,
B,7,58.690556,-93.850278,198,18,Lvul,25,,1,1,0,1,0,2,0,0,4.4,,,,0,1,,,,,0,0,,,1,,1.3,6,,,0,0,0.014,0.1984,0.2124,
B,7,58.690556,-93.850278,199,19,Pmaj,,13.2,1,1,0,0,1,0,0,0,,,0,,0,,,,,,0,0,,,0,,,,,,0,0,,,,
B,7,58.690556,-93.850278,200,20,Lvul,22,,0,1,0,1,0,4,0,0,5.6,,,,0,1,,,,,0,0,,,1,,1.6,5,,,0,0,0.0102,0.0657,0.0759,
B,7,58.690556,-93.850278,201,21,Pmaj,,9.6,1,1,0,1,0,1,0,0,,4.5,3,,1,,,,3.1,2,0,0,,1,0,1,,,2.1,2,0,0,0.0136,0.0324,0.046,
B,7,58.690556,-93.850278,202,22,Toff,,21,0,1,0,1,0,1,0,0,,6.3,5,,0,1,,,,,0,0,,,0,,,,,,0,0,,,,
B,7,58.690556,-93.850278,203,23,Toff,,15.7,0,1,0,1,0,1,0,0,,6,5,,0,1,,,,,0,0,,,0,,,,,,0,0,,,,
B,7,58.690556,-93.850278,204,24,Lvul,31,,1,1,0,1,0,4,0,0,5.1,,,,1,,5,1,,,0,0,,,1,,1.7,2,,,0,0,0.03,0.0095,0.0395,
B,7,58.690556,-93.850278,205,25,Pmaj,,15.8,1,1,0,1,0,1,0,0,,8.2,6,,1,,,,6,4,0,0,,1,0,1,,,4.5,4,0,0,0.1027,0.1639,0.2666,
B,7,58.690556,-93.850278,206,26,Toff,,13.3,0,1,0,1,0,1,0,0,,7.4,4,,0,1,,,,,0,0,,,0,,,,,,0,0,,,,
B,7,58.690556,-93.850278,207,27,Pmaj,,12.6,1,1,0,1,0,1,0,0,,7.4,8,,1,,,,4.8,4,0,0,,1,0,1,,,4,4,0,0,0.1127,0.1725,0.2852,
B,7,58.690556,-93.850278,208,28,Pmaj,,10.3,1,1,0,1,0,1,0,0,,7,6,,1,,,,4.2,3,0,0,,1,0,1,,,3,2,0,0,0.0392,0.0608,0.1,
B,7,58.690556,-93.850278,209,29,Lvul,27,,1,1,0,1,0,1,0,0,10,,,,1,,1.7,2,,,0,0,,,1,,1.6,1,,,0,0,0.0096,0.0093,0.0189,
B,7,58.690556,-93.850278,210,30,Toff,,18.5,0,1,0,1,0,2,0,0,,8.6,8,,0,1,,,,,0,0,,,0,,,,,,0,0,,,,
B,8,58.682778,-93.846944,211,1,Lvul,29,,1,1,0,0,1,0,0,0,,,,,0,,,,,,0,0,,,0,,,,,,0,0,,,,
B,8,58.682778,-93.846944,212,2,Toff,,12.2,0,1,0,1,0,1,0,0,,7.7,5,1,1,,,,4.8,4,0,0,,1,0,1,,,4.4,3,0,0,0.0606,0.1366,0.1972,
B,8,58.682778,-93.846944,213,3,Pmaj,,15.9,0,1,0,1,0,1,0,0,,9.5,7,1,1,,,,6.1,3,0,0,,1,0,1,,,4.4,4,0,0,0.0736,0.0875,0.1611,
B,8,58.682778,-93.846944,214,4,Toff,,15.4,0,1,0,1,0,1,2,1,,7.5,7,1,1,,,,5,3,0,0,,1,0,1,,,5.4,3,0,0,0.0239,0.0564,0.0803,
B,8,58.682778,-93.846944,215,5,Pmaj,,12.3,0,1,0,1,0,1,0,0,,8.9,7,1,1,,,,6,3,0,0,,1,0,1,,,4.3,4,0,0,0.0666,0.0695,0.1361,
B,8,58.682778,-93.846944,216,6,Lvul,29,,1,1,0,1,0,2,0,0,10.5,,,,1,,3.4,5,,,0,0,,,1,,2.2,3,,,0,0,0.018,0.0427,0.0607,
B,8,58.682778,-93.846944,217,7,Pmaj,,11.5,1,1,0,0,1,0,0,0,,,0,,0,,,,,,0,0,,,0,,,,,,0,0,,,,
B,8,58.682778,-93.846944,218,8,Toff,,14.8,0,1,0,1,0,2,0,0,,6.7,12,1,1,,,2,6.3,8,0,0,"2 ramets, 5 leaves on largest",1,0,1,,,6.1,8,0,0,0.01499,0.3731,0.38809,
B,8,58.682778,-93.846944,219,9,Lvul,37,,1,1,0,1,0,8,0,0,5.4,,,,1,,3.1,5,,,0,0,,,0,1,,,,,0,0,,,,
B,8,58.682778,-93.846944,220,10,Pmaj,,9.9,1,1,0,1,0,1,0,0,,5.6,5,1,1,,,,3.6,4,0,0,,,1,,,,2.7,3,0,0,0.0153,0.0275,0.0428,
B,8,58.682778,-93.846944,221,11,Toff,,10,0,1,0,1,0,1,0,0,,7.8,5,1,1,,,,4,2,0,0,,1,0,1,,,1.7,3,0,0,0.0055,0.0569,0.0624,
B,8,58.682778,-93.846944,222,12,Pmaj,,10.6,0,1,0,1,0,1,0,0,,6.2,0,1,1,,,,4.4,4,0,0,,1,0,1,,,3.6,3,0,0,0.0644,0.0775,0.1419,
B,8,58.682778,-93.846944,223,13,Lvul,37,,1,1,0,1,0,4,0,0,4.9,,,,1,,2.1,3,,,0,0,,,1,,1.3,1,,,0,0,0.006,0.0264,0.0324,
B,8,58.682778,-93.846944,224,14,Toff,,8.4,0,1,0,1,0,1,0,0,,7.6,0,,1,,,,3.4,1,0,0,,,0,1,,,,,0,0,,,,
B,8,58.682778,-93.846944,225,15,Lvul,42,,1,1,0,1,0,3,0,0,8.8,,,,1,,4.9,7,,,0,0,,,1,,2,8,,,0,0,0.5886,0.0589,0.6475,
B,8,58.682778,-93.846944,226,16,Lvul,28,,0,1,0,1,0,2,0,0,3.5,,,,0,1,,,,,0,0,,,0,,,,,,0,0,,,,
B,8,58.682778,-93.846944,227,17,Toff,,12.8,0,1,0,0,1,0,0,0,,,0,,0,,,,,,0,0,,,0,,,,,,0,0,,,,
B,8,58.682778,-93.846944,228,18,Lvul,22,,0,1,0,1,0,4,0,0,6.3,,,,1,,1.9,2,,,0,0,,,0,1,,,,,0,0,,,,
B,8,58.682778,-93.846944,229,19,Lvul,23,,0,1,0,1,0,2,0,0,6.6,,,,1,,1.2,3,,,0,0,,,0,1,,,,,0,0,,,,
B,8,58.682778,-93.846944,230,20,Toff,,9.4,0,1,0,0,1,0,0,0,,,6,,0,,,,,,0,0,,,0,,,,,,0,0,,,,
B,8,58.682778,-93.846944,231,21,Pmaj,,8.4,1,1,0,1,0,1,2,1,,6.6,6,1,1,,,,4.1,5,0,0,,1,0,1,,,2.3,3,0,0,0.0208,0.0395,0.0603,
B,8,58.682778,-93.846944,232,22,Pmaj,,5.8,1,1,0,1,0,1,0,0,,4.8,6,1,1,,,,3.3,3,0,0,,,1,,,,1.5,2,0,0,0.0118,0.0282,0.04,
B,8,58.682778,-93.846944,233,23,Pmaj,,6.6,1,1,0,1,0,1,0,0,,7,7,1,1,,,,5.6,4,0,0,,1,0,1,,,2.5,3,0,0,0.0406,0.059,0.0996,
B,8,58.682778,-93.846944,234,24,Toff,,12.8,0,1,0,0,1,dead,0,0,,,0,,0,,,,,,0,0,,,0,,,,,,0,0,,,,
B,8,58.682778,-93.846944,235,25,Pmaj,,5.2,1,1,0,1,0,1,0,0,,7.1,5,1,1,,,,6.1,4,0,0,,1,0,1,,,3.8,4,0,0,0.0543,0.0523,0.1066,
B,8,58.682778,-93.846944,236,26,Lvul,46,,1,1,0,1,0,13,0,0,6.4,,,,1,,2.9,8,,,0,0,,,0,1,,,,,0,0,,,,
B,8,58.682778,-93.846944,237,27,Toff,,11.6,0,1,0,1,0,1,0,0,,3.5,1,,1,,,,2.1,3,0,0,,,0,1,,,,,0,0,,,,
B,8,58.682778,-93.846944,238,28,Pmaj,,7.6,1,1,0,1,0,1,1,1,,6.3,6,1,1,,,,4.4,3,0,0,,1,0,1,,,2.2,3,0,0,0.0453,0.022,0.0673,
B,8,58.682778,-93.846944,239,29,Toff,,7.9,0,1,0,0,1,0,0,0,,,0,,1,,,,0.7,5,0,0,,,0,1,,,,,0,0,,,,
B,8,58.682778,-93.846944,240,30,Lvul,40,,1,1,0,1,0,4,0,0,9.2,,,,0,1,,,,,0,0,,,1,,1,3,,,0,0,0.0084,0.0814,0.0898,